time,queue_density,dynamic_density
0.0769231,0.747935,0
0.153846,0.752379,0
0.230769,0.755252,0
0.307692,0.760156,0
0.384615,0.764084,0
0.461538,0.767148,0
0.538462,0.77056,0
0.615385,0.774085,0
0.692308,0.777605,0
0.769231,0.78066,0
0.846154,0.784625,0
0.923077,0.785691,0
1,0.788188,0
1.07692,0.791872,0
1.15385,0.794411,0
1.23077,0.799014,0
1.30769,0.803623,0
1.38462,0.806369,0
1.46154,0.811395,0
1.53846,0.814136,0
1.61538,0.815548,0
1.69231,0.818045,0
1.76923,0.820068,0
1.84615,0.820359,0
1.92308,0.816862,0
2,0.817655,0
2.07692,0.820842,0
2.15385,0.822677,0
2.23077,0.824395,0
2.30769,0.824437,0
2.38462,0.825634,0
2.46154,0.825887,0
2.53846,0.826779,0
2.61538,0.827778,0
2.69231,0.828173,0
2.76923,0.830228,0
2.84615,0.831073,0
2.92308,0.830101,0
3,0.829595,0
3.07692,0.829102,0
3.15385,0.829027,0
3.23077,0.829613,0
3.30769,0.830191,0
3.38462,0.829965,0
3.46154,0.831232,0
3.53846,0.831528,0
3.61538,0.831828,0
3.69231,0.825497,0
3.76923,0.82836,0
3.84615,0.828862,0
3.92308,0.829623,0
4,0.830022,0
4.07692,0.830613,0
4.15385,0.831922,0
4.23077,0.832387,0
4.30769,0.831444,0
4.38462,0.831575,0
4.46154,0.832368,0
4.53846,0.832434,0
4.61538,0.831838,0
4.69231,0.832255,0
4.76923,0.831974,0
4.84615,0.831659,0
4.92308,0.831767,0
5,0.831791,0
5.07692,0.832246,0
5.15385,0.832509,0
5.23077,0.832889,0
5.30769,0.832617,0
5.38462,0.833049,0
5.46154,0.827581,0
5.53846,0.829177,0
5.61538,0.82966,0
5.69231,0.830472,0
5.76923,0.831767,0
5.84615,0.833673,0
5.92308,0.834823,0
6,0.835137,0
6.07692,0.834611,0
6.15385,0.834541,0
6.23077,0.834532,0
6.30769,0.83487,0
6.38462,0.83486,0
6.46154,0.83486,0
6.53846,0.83486,0
6.61538,0.834949,0
6.69231,0.834916,0
6.76923,0.834916,0
6.84615,0.834916,0
6.92308,0.834968,0
7,0.834931,0
7.07692,0.831336,0
7.15385,0.83143,0
7.23077,0.839652,0
7.30769,0.839628,0
7.38462,0.840069,0
7.46154,0.840787,0
7.53846,0.840558,0
7.61538,0.840365,0
7.69231,0.840576,0
7.76923,0.840445,0
7.84615,0.840346,0
7.92308,0.84045,0
8,0.830528,0
8.07692,0.831214,0
8.15385,0.834058,0
8.23077,0.834485,0
8.30769,0.835283,0
8.38462,0.835297,0
8.46154,0.835405,0
8.53846,0.834898,0
8.61538,0.833607,0
8.69231,0.832734,0
8.76923,0.831462,0
8.84615,0.829243,0
8.92308,0.828107,0
9,0.826746,0
9.07692,0.826145,0
9.15385,0.825709,0
9.23077,0.826586,0
9.30769,0.826572,0
9.38462,0.826577,0
9.46154,0.826258,0
9.53846,0.826098,0
9.61538,0.826497,0
9.69231,0.826183,0
9.76923,0.814084,0
9.84615,0.814056,0
9.92308,0.815093,0
10,0.815881,0
10.0769,0.817655,0
10.1538,0.818538,0
10.2308,0.821612,0
10.3077,0.823597,0
10.3846,0.825023,0
10.4615,0.826812,0
10.5385,0.829266,0
10.6154,0.831082,0
10.6923,0.832345,0
10.7692,0.833668,0
10.8462,0.834813,0
10.9231,0.835555,0
11,0.835189,0
11.0769,0.834823,0
11.1538,0.834959,0
11.2308,0.835292,0
11.3077,0.836334,0
11.3846,0.836653,0
11.4615,0.836705,0
11.5385,0.833311,0
11.6154,0.8341,0
11.6923,0.834034,0
11.7692,0.834729,0
11.8462,0.833424,0
11.9231,0.834851,0
12,0.833912,0
12.0769,0.835015,0
12.1538,0.835503,0
12.2308,0.836306,0
12.3077,0.836465,0
12.3846,0.837315,0
12.4615,0.838746,0
12.5385,0.838769,0
12.6154,0.839816,0
12.6923,0.840023,0
12.7692,0.840928,0
12.8462,0.842712,0
12.9231,0.843031,0
13,0.842012,0
13.0769,0.843214,0
13.1538,0.843566,0
13.2308,0.842547,0
13.3077,0.839774,0
13.3846,0.840938,0
13.4615,0.842857,0
13.5385,0.843247,0
13.6154,0.843406,0
13.6923,0.841862,0
13.7692,0.842242,0
13.8462,0.841815,0
13.9231,0.841186,0
14,0.840651,0
14.0769,0.839685,0
14.1538,0.840389,0
14.2308,0.840849,0
14.3077,0.842008,0
14.3846,0.840895,0
14.4615,0.842439,0
14.5385,0.842031,0
14.6154,0.84251,0
14.6923,0.843172,0
14.7692,0.842928,0
14.8462,0.843631,0
14.9231,0.842505,0
15,0.842665,0
15.0769,0.828712,0
15.1538,0.829519,0
15.2308,0.831392,0
15.3077,0.831289,0
15.3846,0.831214,0
15.4615,0.830355,0
15.5385,0.831092,0
15.6154,0.831641,0
15.6923,0.832223,0
15.7692,0.831641,0
15.8462,0.83165,0
15.9231,0.832227,0
16,0.832237,0
16.0769,0.832077,0
16.1538,0.832382,0
16.2308,0.832439,0
16.3077,0.831749,0
16.3846,0.833687,0
16.4615,0.8341,0
16.5385,0.834663,0
16.6154,0.833781,0
16.6923,0.834062,0
16.7692,0.833879,0
16.8462,0.833898,0
16.9231,0.834175,0
17,0.833579,0
17.0769,0.833227,0
17.1538,0.833227,0
17.2308,0.825258,0
17.3077,0.825742,0
17.3846,0.827314,0
17.4615,0.827117,0
17.5385,0.827971,0
17.6154,0.828116,0
17.6923,0.828295,0
17.7692,0.827844,0
17.8462,0.829013,0
17.9231,0.829332,0
18,0.829942,0
18.0769,0.829463,0
18.1538,0.829534,0
18.2308,0.829552,0
18.3077,0.82913,0
18.3846,0.828665,0
18.4615,0.826774,0
18.5385,0.827708,0
18.6154,0.828942,0
18.6923,0.828693,0
18.7692,0.828454,0
18.8462,0.828144,0
18.9231,0.827947,0
19,0.818186,0
19.0769,0.817777,0
19.1538,0.81857,0
19.2308,0.817932,0
19.3077,0.818294,0
19.3846,0.8188,0
19.4615,0.819204,0
19.5385,0.820166,0
19.6154,0.819237,0
19.6923,0.820565,0
19.7692,0.821616,0
19.8462,0.822827,0
19.9231,0.823137,0
20,0.823794,0
20.0769,0.824305,0
20.1538,0.824132,0
20.2308,0.824273,0
20.3077,0.824207,0
20.3846,0.824287,0
20.4615,0.824503,0
20.5385,0.824958,0
20.6154,0.825263,0
20.6923,0.825451,0
20.7692,0.822283,0
20.8462,0.824226,0
20.9231,0.823165,0
21,0.825216,0
21.0769,0.825558,0
21.1538,0.826563,0
21.2308,0.828792,0
21.3077,0.830482,0
21.3846,0.83135,0
21.4615,0.831523,0
21.5385,0.83143,0
21.6154,0.832251,0
21.6923,0.83241,0
21.7692,0.833293,0
21.8462,0.83364,0
21.9231,0.833814,0
22,0.833344,0
22.0769,0.833265,0
22.1538,0.833363,0
22.2308,0.83394,0
22.3077,0.833771,0
22.3846,0.834433,0
22.4615,0.834372,0
22.5385,0.826596,0
22.6154,0.826863,0
22.6923,0.827154,0
22.7692,0.827464,0
22.8462,0.826774,0
22.9231,0.82669,0
23,0.826483,0
23.0769,0.826037,0
23.1538,0.826666,0
23.2308,0.826905,0
23.3077,0.827835,0
23.3846,0.828234,0
23.4615,0.827515,0
23.5385,0.826802,0
23.6154,0.82622,0
23.6923,0.826699,0
23.7692,0.826427,0
23.8462,0.826633,0
23.9231,0.827365,0
24,0.825657,0
24.0769,0.824845,0
24.1538,0.82339,0
24.2308,0.822668,0
24.3077,0.812765,0
24.3846,0.812446,0
24.4615,0.812451,0
24.5385,0.812732,0
24.6154,0.812901,0
24.6923,0.81338,0
24.7692,0.813493,0
24.8462,0.814957,0
24.9231,0.81468,0
25,0.815248,0
25.0769,0.816215,0
25.1538,0.816534,0
25.2308,0.816811,0
25.3077,0.817468,0
25.3846,0.81735,0
25.4615,0.81805,0
25.5385,0.818491,0
25.6154,0.819307,0
25.6923,0.819589,0
25.7692,0.819758,0
25.8462,0.819279,0
25.9231,0.820213,0
26,0.819889,0
26.0769,0.813713,0
26.1538,0.814549,0
26.2308,0.816393,0
26.3077,0.816121,0
26.3846,0.815342,0
26.4615,0.815642,0
26.5385,0.81643,0
26.6154,0.817613,0
26.6923,0.818195,0
26.7692,0.818373,0
26.8462,0.81995,0
26.9231,0.820011,0
27,0.820373,0
27.0769,0.820204,0
27.1538,0.820344,0
27.2308,0.82094,0
27.3077,0.820682,0
27.3846,0.821987,0
27.4615,0.822212,0
27.5385,0.821541,0
27.6154,0.821921,0
27.6923,0.822109,0
27.7692,0.822095,0
27.8462,0.811324,0
27.9231,0.811658,0
28,0.812629,0
28.0769,0.813826,0
28.1538,0.814459,0
28.2308,0.815947,0
28.3077,0.816351,0
28.3846,0.817425,0
28.4615,0.818815,0
28.5385,0.818937,0
28.6154,0.819603,0
28.6923,0.819922,0
28.7692,0.820997,0
28.8462,0.819974,0
28.9231,0.82056,0
29,0.820401,0
29.0769,0.819931,0
29.1538,0.820434,0
29.2308,0.819814,0
29.3077,0.819631,0
29.3846,0.820227,0
29.4615,0.820884,0
29.5385,0.820645,0
29.6154,0.81224,0
29.6923,0.813563,0
29.7692,0.814694,0
29.8462,0.816318,0
29.9231,0.815637,0
30,0.816707,0
30.0769,0.81827,0
30.1538,0.818777,0
30.2308,0.819185,0
30.3077,0.820002,0
30.3846,0.8201,0
30.4615,0.819655,0
30.5385,0.819622,0
30.6154,0.819101,0
30.6923,0.821696,0
30.7692,0.823831,0
30.8462,0.823944,0
30.9231,0.824667,0
31,0.825113,0
31.0769,0.826079,0
31.1538,0.825282,0
31.2308,0.826938,0
31.3077,0.826563,0
31.3846,0.821842,0
31.4615,0.822531,0
31.5385,0.82431,0
31.6154,0.828093,0
31.6923,0.829097,0
31.7692,0.828252,0
31.8462,0.827328,0
31.9231,0.826131,0
32,0.82805,0
32.0769,0.827647,0
32.1538,0.827802,0
32.2308,0.8266,0
32.3077,0.827483,0
32.3846,0.828595,0
32.4615,0.827408,0
32.5385,0.827572,0
32.6154,0.827286,0
32.6923,0.82813,0
32.7692,0.828975,0
32.8462,0.827591,0
32.9231,0.829557,0
33,0.829604,0
33.0769,0.830669,0
33.1538,0.822015,0
33.2308,0.823498,0
33.3077,0.824127,0
33.3846,0.824287,0
33.4615,0.823658,0
33.5385,0.827393,0
33.6154,0.827159,0
33.6923,0.826934,0
33.7692,0.828759,0
33.8462,0.828759,0
33.9231,0.829731,0
34,0.828754,0
34.0769,0.829426,0
34.1538,0.829468,0
34.2308,0.830369,0
34.3077,0.830331,0
34.3846,0.832476,0
34.4615,0.831843,0
34.5385,0.831383,0
34.6154,0.830341,0
34.6923,0.829627,0
34.7692,0.829646,0
34.8462,0.829557,0
34.9231,0.822902,0
35,0.823212,0
35.0769,0.825347,0
35.1538,0.825788,0
35.2308,0.827971,0
35.3077,0.829167,0
35.3846,0.83081,0
35.4615,0.831932,0
35.5385,0.832706,0
35.6154,0.833203,0
35.6923,0.832988,0
35.7692,0.833598,0
35.8462,0.832917,0
35.9231,0.832199,0
36,0.8328,0
36.0769,0.832011,0
36.1538,0.830036,0
36.2308,0.829618,0
36.3077,0.828219,0
36.3846,0.828004,0
36.4615,0.827591,0
36.5385,0.827164,0
36.6154,0.827037,0
36.6923,0.81858,0
36.7692,0.819603,0
36.8462,0.819213,0
36.9231,0.821325,0
37,0.821067,0
37.0769,0.82042,0
37.1538,0.820321,0
37.2308,0.820298,0
37.3077,0.822072,0
37.3846,0.822433,0
37.4615,0.823184,0
37.5385,0.823071,0
37.6154,0.82194,0
37.6923,0.822879,0
37.7692,0.822949,0
37.8462,0.822456,0
37.9231,0.821133,0
38,0.821039,0
38.0769,0.821067,0
38.1538,0.820865,0
38.2308,0.820692,0
38.3077,0.820537,0
38.3846,0.819809,0
38.4615,0.809339,0
38.5385,0.808762,0
38.6154,0.809583,0
38.6923,0.810728,0
38.7692,0.811113,0
38.8462,0.812671,0
38.9231,0.814835,0
39,0.814896,0
39.0769,0.81537,0
39.1538,0.815938,0
39.2308,0.816904,0
39.3077,0.817106,0
39.3846,0.818467,0
39.4615,0.819298,0
39.5385,0.820039,0
39.6154,0.820593,0
39.6923,0.821673,0
39.7692,0.821067,0
39.8462,0.820138,0
39.9231,0.820687,0
40,0.820344,0
40.0769,0.821438,0
40.1538,0.820837,0
40.2308,0.811423,0
40.3077,0.811568,0
40.3846,0.811831,0
40.4615,0.814309,0
40.5385,0.813699,0
40.6154,0.814497,0
40.6923,0.813755,0
40.7692,0.812934,0
40.8462,0.812742,0
40.9231,0.813633,0
41,0.812859,0
41.0769,0.813413,0
41.1538,0.811517,0
41.2308,0.811024,0
41.3077,0.8117,0
41.3846,0.811995,0
41.4615,0.812052,0
41.5385,0.812,0
41.6154,0.811719,0
41.6923,0.811109,0
41.7692,0.809926,0
41.8462,0.809128,0
41.9231,0.808692,0
42,0.800535,0
42.0769,0.799925,0
42.1538,0.801126,0
42.2308,0.800727,0
42.3077,0.800732,0
42.3846,0.798498,0
42.4615,0.798616,0
42.5385,0.798282,0
42.6154,0.798461,0
42.6923,0.79801,0
42.7692,0.798484,0
42.8462,0.797607,0
42.9231,0.797447,0
43,0.797006,0
43.0769,0.798601,0
43.1538,0.799212,0
43.2308,0.798925,0
43.3077,0.798531,0
43.3846,0.798756,0
43.4615,0.798958,0
43.5385,0.798982,0
43.6154,0.798334,0
43.6923,0.798517,0
43.7692,0.790285,0
43.8462,0.792069,0
43.9231,0.794246,0
44,0.795105,0
44.0769,0.794687,0
44.1538,0.794218,0
44.2308,0.794021,0
44.3077,0.794941,0
44.3846,0.796161,0
44.4615,0.796635,0
44.5385,0.798949,0
44.6154,0.800183,0
44.6923,0.800563,0
44.7692,0.799338,0
44.8462,0.800291,0
44.9231,0.800892,0
45,0.802699,0
45.0769,0.802755,0
45.1538,0.806824,0
45.2308,0.806115,0
45.3077,0.807856,0
45.3846,0.808246,0
45.4615,0.809794,0
45.5385,0.80176,0
45.6154,0.803787,0
45.6923,0.804304,0
45.7692,0.805491,0
45.8462,0.808438,0
45.9231,0.808645,0
46,0.810029,0
46.0769,0.812568,0
46.1538,0.811559,0
46.2308,0.810128,0
46.3077,0.809654,0
46.3846,0.807514,0
46.4615,0.807251,0
46.5385,0.806711,0
46.6154,0.806932,0
46.6923,0.801145,0
46.7692,0.801248,0
46.8462,0.796734,0
46.9231,0.796246,0
47,0.794781,0
47.0769,0.790942,0
47.1538,0.784381,0
47.2308,0.785813,0
47.3077,0.769514,0
47.3846,0.769706,0
47.4615,0.76843,0
47.5385,0.761902,0
47.6154,0.759532,0
47.6923,0.755355,0
47.7692,0.748376,0
47.8462,0.753266,0
47.9231,0.74403,0
48,0.740468,0
48.0769,0.737357,0
48.1538,0.736338,0
48.2308,0.731542,0
48.3077,0.729904,0
48.3846,0.718373,0
48.4615,0.718284,0
48.5385,0.709799,0
48.6154,0.706946,0
48.6923,0.706908,0
48.7692,0.704172,0
48.8462,0.699399,0
48.9231,0.698907,0
49,0.695105,0
49.0769,0.679322,0
49.1538,0.675263,0
49.2308,0.672682,0
49.3077,0.671283,0
49.3846,0.671147,0
49.4615,0.663723,0
49.5385,0.660268,0
49.6154,0.658387,0
49.6923,0.65894,0
49.7692,0.655805,0
49.8462,0.655589,0
49.9231,0.651497,0
50,0.653966,0
50.0769,0.653318,0
50.1538,0.659794,0
50.2308,0.656209,0
50.3077,0.653844,0
50.3846,0.654083,0
50.4615,0.649385,0
50.5385,0.648273,0
50.6154,0.652853,0
50.6923,0.651614,0
50.7692,0.643322,0
50.8462,0.624892,0
50.9231,0.627065,0
51,0.625394,0
51.0769,0.626469,0
51.1538,0.601441,0
51.2308,0.598447,0
51.3077,0.593922,0
51.3846,0.58845,0
51.4615,0.586789,0
51.5385,0.581265,0
51.6154,0.557171,0
51.6923,0.555993,0
51.7692,0.548972,0
51.8462,0.543552,0
51.9231,0.541937,0
52,0.529599,0
52.0769,0.530341,0
52.1538,0.523428,0
52.2308,0.522808,0
52.3077,0.515098,0
52.3846,0.515032,0
52.4615,0.50987,0
52.5385,0.512498,0
52.6154,0.498433,0
52.6923,0.500418,0
52.7692,0.500676,0
52.8462,0.503952,0
52.9231,0.508429,0
53,0.513019,0
53.0769,0.512554,0
53.1538,0.514933,0
53.2308,0.51827,0
53.3077,0.520687,0
53.3846,0.52316,0
53.4615,0.524033,0
53.5385,0.526413,0
53.6154,0.517702,0
53.6923,0.513859,0
53.7692,0.513037,0
53.8462,0.512019,0
53.9231,0.510109,0
54,0.507298,0
54.0769,0.511231,0
54.1538,0.510118,0
54.2308,0.511808,0
54.3077,0.508255,0
54.3846,0.494725,0
54.4615,0.505233,0
54.5385,0.512657,0
54.6154,0.508734,0
54.6923,0.512953,0
54.7692,0.511399,0
54.8462,0.510433,0
54.9231,0.507833,0
55,0.508574,0
55.0769,0.510062,0
55.1538,0.511906,0
55.2308,0.518932,0
55.3077,0.522133,0
55.3846,0.527661,0
55.4615,0.530397,0
55.5385,0.532715,0
55.6154,0.542092,0
55.6923,0.544856,0
55.7692,0.54457,0
55.8462,0.54587,0
55.9231,0.544636,0
56,0.543265,0
56.0769,0.54542,0
56.1538,0.534691,0
56.2308,0.538943,0
56.3077,0.536798,0
56.3846,0.537479,0
56.4615,0.523447,0
56.5385,0.524287,0
56.6154,0.526309,0
56.6923,0.522827,0
56.7692,0.52591,0
56.8462,0.52386,0
56.9231,0.526014,0
57,0.527361,0
57.0769,0.526478,0
57.1538,0.522405,0
57.2308,0.524254,0
57.3077,0.527633,0
57.3846,0.536503,0
57.4615,0.540665,0
57.5385,0.547813,0
57.6154,0.548052,0
57.6923,0.552018,0
57.7692,0.545987,0
57.8462,0.546053,0
57.9231,0.531101,0
58,0.525685,0
58.0769,0.527164,0
58.1538,0.522048,0
58.2308,0.521856,0
58.3077,0.517036,0
58.3846,0.514365,0
58.4615,0.516712,0
58.5385,0.517059,0
58.6154,0.517233,0
58.6923,0.519016,0
58.7692,0.524493,0
58.8462,0.530031,0
58.9231,0.528271,0
59,0.527243,0
59.0769,0.529158,0
59.1538,0.531411,0
59.2308,0.53357,0
59.3077,0.53395,0
59.3846,0.534682,0
59.4615,0.536916,0
59.5385,0.536658,0
59.6154,0.53486,0
59.6923,0.523451,0
59.7692,0.522198,0
59.8462,0.516881,0
59.9231,0.51782,0
60,0.514483,0
60.0769,0.512939,0
60.1538,0.511836,0
60.2308,0.511324,0
60.3077,0.508804,0
60.3846,0.509546,0
60.4615,0.508983,0
60.5385,0.508865,0
60.6154,0.510836,0
60.6923,0.516304,0
60.7692,0.515191,0
60.8462,0.522372,0
60.9231,0.522208,0
61,0.524559,0
61.0769,0.52217,0
61.1538,0.518838,0
61.2308,0.518955,0
61.3077,0.518247,0
61.3846,0.516862,0
61.4615,0.507204,0
61.5385,0.499892,0
61.6154,0.49977,0
61.6923,0.4987,0
61.7692,0.497029,0
61.8462,0.495748,0
61.9231,0.49594,0
62,0.493758,0
62.0769,0.490614,0
62.1538,0.485517,0
62.2308,0.483926,0
62.3077,0.483443,0
62.3846,0.489581,0
62.4615,0.492435,0
62.5385,0.492252,0
62.6154,0.486634,0
62.6923,0.486892,0
62.7692,0.477778,0
62.8462,0.473526,0
62.9231,0.467158,0
63,0.461789,0
63.0769,0.458607,0
63.1538,0.455796,0
63.2308,0.44709,0
63.3077,0.452487,0
63.3846,0.452722,0
63.4615,0.456993,0
63.5385,0.461667,0
63.6154,0.474108,0
63.6923,0.482528,0
63.7692,0.486977,0
63.8462,0.495147,0
63.9231,0.508818,0
64,0.51865,0
64.0769,0.530247,0
64.1538,0.532392,0
64.2308,0.537019,0
64.3077,0.548752,0
64.3846,0.542622,0
64.4615,0.542472,0
64.5385,0.542594,0
64.6154,0.540576,0
64.6923,0.535118,0
64.7692,0.529806,0
64.8462,0.521804,0
64.9231,0.511615,0
65,0.479942,0
65.0769,0.479233,0
65.1538,0.473207,0
65.2308,0.47225,0
65.3077,0.472057,0
65.3846,0.468059,0
65.4615,0.463164,0
65.5385,0.457054,0
65.6154,0.45421,0
65.6923,0.45328,0
65.7692,0.43762,0
65.8462,0.435592,0
65.9231,0.434963,0
66,0.426957,0
66.0769,0.422259,0
66.1538,0.417909,0
66.2308,0.413544,0
66.3077,0.410954,0
66.3846,0.403234,0
66.4615,0.393786,0
66.5385,0.388145,0
66.6154,0.38433,0
66.6923,0.384288,0
66.7692,0.364924,0
66.8462,0.346705,0
66.9231,0.345312,0
67,0.342857,0
67.0769,0.328975,0
67.1538,0.323944,0
67.2308,0.312624,0
67.3077,0.308701,0
67.3846,0.303515,0
67.4615,0.294082,0
67.5385,0.28571,0
67.6154,0.291219,0
67.6923,0.302464,0
67.7692,0.303609,0
67.8462,0.305829,0
67.9231,0.306575,0
68,0.31117,0
68.0769,0.308105,0
68.1538,0.304355,0
68.2308,0.304881,0
68.3077,0.303337,0
68.3846,0.306688,0
68.4615,0.304097,0
68.5385,0.302891,0
68.6154,0.302905,0
68.6923,0.307772,0
68.7692,0.312155,0
68.8462,0.31675,0
68.9231,0.321246,0
69,0.326938,0
69.0769,0.329965,0
69.1538,0.335414,0
69.2308,0.340351,0
69.3077,0.342195,0
69.3846,0.340473,0
69.4615,0.334654,0
69.5385,0.328271,0
69.6154,0.323367,0
69.6923,0.320143,0
69.7692,0.313253,0
69.8462,0.307875,0
69.9231,0.307143,0
70,0.306476,0
70.0769,0.304257,0
70.1538,0.301338,0
70.2308,0.301098,0
70.3077,0.291233,0
70.3846,0.290065,0
70.4615,0.281002,0
70.5385,0.280148,0
70.6154,0.278928,0
70.6923,0.275779,0
70.7692,0.274836,0
70.8462,0.270476,0
70.9231,0.263981,0
71,0.264469,0
71.0769,0.263385,0
71.1538,0.267186,0
71.2308,0.271729,0
71.3077,0.276535,0
71.3846,0.283138,0
71.4615,0.284288,0
71.5385,0.286428,0
71.6154,0.283448,0
71.6923,0.288732,0
71.7692,0.288141,0
71.8462,0.285911,0
71.9231,0.283837,0
72,0.275535,0
72.0769,0.270861,0
72.1538,0.258476,0
72.2308,0.256899,0
72.3077,0.255707,0
72.3846,0.248691,0
72.4615,0.246274,0
72.5385,0.253112,0
72.6154,0.258161,0
72.6923,0.260935,0
72.7692,0.266388,0
72.8462,0.268716,0
72.9231,0.267557,0
73,0.264933,0
73.0769,0.263962,0
73.1538,0.269969,0
73.2308,0.274686,0
73.3077,0.278154,0
73.3846,0.27753,0
73.4615,0.268927,0
73.5385,0.26911,0
73.6154,0.262075,0
73.6923,0.257612,0
73.7692,0.255599,0
73.8462,0.242125,0
73.9231,0.238249,0
74,0.230303,0
74.0769,0.221457,0
74.1538,0.217989,0
74.2308,0.208419,0
74.3077,0.202286,0
74.3846,0.198747,0
74.4615,0.188605,0
74.5385,0.182101,0
74.6154,0.179355,0
74.6923,0.156509,0
74.7692,0.152487,0
74.8462,0.152323,0
74.9231,0.152581,0
75,0.151966,0
75.0769,0.155059,0
75.1538,0.164084,0
75.2308,0.170847,0
75.3077,0.184987,0
75.3846,0.194129,0
75.4615,0.196194,0
75.5385,0.200873,0
75.6154,0.200235,0
75.6923,0.200023,0
75.7692,0.196954,0
75.8462,0.196363,0
75.9231,0.197611,0
76,0.206491,0
76.0769,0.212366,0
76.1538,0.224066,0
76.2308,0.233513,0
76.3077,0.237263,0
76.3846,0.241933,0
76.4615,0.241867,0
76.5385,0.240271,0
76.6154,0.240665,0
76.6923,0.242515,0
76.7692,0.244739,0
76.8462,0.250826,0
76.9231,0.25252,0
77,0.257589,0
77.0769,0.262376,0
77.1538,0.266412,0
77.2308,0.268941,0
77.3077,0.277539,0
77.3846,0.275324,0
77.4615,0.275573,0
77.5385,0.278562,0
77.6154,0.279027,0
77.6923,0.281322,0
77.7692,0.280735,0
77.8462,0.27959,0
77.9231,0.278623,0
78,0.2789,0
78.0769,0.274779,0
78.1538,0.285165,0
78.2308,0.291003,0
78.3077,0.315971,0
78.3846,0.319645,0
78.4615,0.330374,0
78.5385,0.334959,0
78.6154,0.340698,0
78.6923,0.337751,0
78.7692,0.339159,0
78.8462,0.329674,0
78.9231,0.330744,0
79,0.323418,0
79.0769,0.317008,0
79.1538,0.291759,0
79.2308,0.289126,0
79.3077,0.283818,0
79.3846,0.274488,0
79.4615,0.276267,0
79.5385,0.270931,0
79.6154,0.266158,0
79.6923,0.261104,0
79.7692,0.256622,0
79.8462,0.253487,0
79.9231,0.253736,0
80,0.249099,0
80.0769,0.245077,0
80.1538,0.241665,0
80.2308,0.236479,0
80.3077,0.233668,0
80.3846,0.223611,0
80.4615,0.217158,0
80.5385,0.21583,0
80.6154,0.211892,0
80.6923,0.196142,0
80.7692,0.19388,0
80.8462,0.169434,0
80.9231,0.163835,0
81,0.155219,0
81.0769,0.153581,0
81.1538,0.15245,0
81.2308,0.137676,0
81.3077,0.129684,0
81.3846,0.124892,0
81.4615,0.113666,0
81.5385,0.107241,0
81.6154,0.099404,0
81.6923,0.0874273,0
81.7692,0.0796039,0
81.8462,0.0758682,0
81.9231,0.0658016,0
82,0.0618172,0
82.0769,0.0540736,0
82.1538,0.0442557,0
82.2308,0.0434719,0
82.3077,0.0386756,0
82.3846,0.0341374,0
82.4615,0.0316266,0
82.5385,0.0277267,0
82.6154,0.0204665,0
82.6923,0.0257415,0
82.7692,0.0277361,0
82.8462,0.027844,0
82.9231,0.0284166,0
83,0.02951,0
83.0769,0.0301295,0
83.1538,0.0305237,0
83.2308,0.0320396,0
83.3077,0.0312042,0
83.3846,0.0326262,0
83.4615,0.0332739,0
83.5385,0.0338183,0
83.6154,0.0342266,0
83.6923,0.0344425,0
83.7692,0.0343111,0
83.8462,0.0349493,0
83.9231,0.0349728,0
84,0.0349165,0
84.0769,0.0350995,0
84.1538,0.0352966,0
84.2308,0.036376,0
84.3077,0.0366764,0
84.3846,0.0372489,0
84.4615,0.0548996,0
84.5385,0.0554158,0
84.6154,0.0553689,0
84.6923,0.0555191,0
84.7692,0.0560775,0
84.8462,0.0565844,0
84.9231,0.056866,0
85,0.057523,0
85.0769,0.0576685,0
85.1538,0.0578797,0
85.2308,0.05818,0
85.3077,0.0598226,0
85.3846,0.0609067,0
85.4615,0.0676882,0
85.5385,0.0786981,0
85.6154,0.0859912,0
85.6923,0.103947,0
85.7692,0.119875,0
85.8462,0.129031,0
85.9231,0.149315,0
86,0.167669,0
86.0769,0.179322,0
86.1538,0.19519,0
86.2308,0.209588,0
86.3077,0.217111,0
86.3846,0.249136,0
86.4615,0.258096,0
86.5385,0.271119,0
86.6154,0.286113,0
86.6923,0.292852,0
86.7692,0.306392,0
86.8462,0.315426,0
86.9231,0.319289,0
87,0.335907,0
87.0769,0.344087,0
87.1538,0.345086,0
87.2308,0.334175,0
87.3077,0.333311,0
87.3846,0.327548,0
87.4615,0.319725,0
87.5385,0.316491,0
87.6154,0.305707,0
87.6923,0.297292,0
87.7692,0.296607,0
87.8462,0.285616,0
87.9231,0.268317,0
88,0.248634,0
88.0769,0.218674,0
88.1538,0.217177,0
88.2308,0.208968,0
88.3077,0.19985,0
88.3846,0.192806,0
88.4615,0.180214,0
88.5385,0.17133,0
88.6154,0.169368,0
88.6923,0.158485,0
88.7692,0.145997,0
88.8462,0.140102,0
88.9231,0.116229,0
89,0.112432,0
89.0769,0.107828,0
89.1538,0.0957246,0
89.2308,0.0909658,0
89.3077,0.0827154,0
89.3846,0.0827952,0
89.4615,0.0804017,0
89.5385,0.0644781,0
89.6154,0.0616623,0
89.6923,0.0601464,0
89.7692,0.0612634,0
89.8462,0.0554627,0
89.9231,0.052966,0
90,0.0497747,0
90.0769,0.0462878,0
90.1538,0.0411817,0
90.2308,0.0359724,0
90.3077,0.0327952,0
90.3846,0.0334569,0
90.4615,0.0358175,0
90.5385,0.0390182,0
90.6154,0.0427351,0
90.6923,0.043547,0
90.7692,0.0446405,0
90.8462,0.0472405,0
90.9231,0.0484372,0
91,0.0484607,0
91.0769,0.0493524,0
91.1538,0.0511498,0
91.2308,0.0517834,0
91.3077,0.0515112,0
91.3846,0.0515206,0
91.4615,0.0518678,0
91.5385,0.0597053,0
91.6154,0.0617045,0
91.6923,0.061972,0
91.7692,0.0628637,0
91.8462,0.061498,0
91.9231,0.061193,0
92,0.0620518,0
92.0769,0.0618829,0
92.1538,0.0631547,0
92.2308,0.0631735,0
92.3077,0.0639431,0
92.3846,0.0643655,0
92.4615,0.0674066,0
92.5385,0.0725925,0
92.6154,0.0756007,0
92.6923,0.0814201,0
92.7692,0.0881969,0
92.8462,0.0907453,0
92.9231,0.0977192,0
93,0.10513,0
93.0769,0.108677,0
93.1538,0.11537,0
93.2308,0.12294,0
93.3077,0.11591,0
93.3846,0.131289,0
93.4615,0.133748,0
93.5385,0.139962,0
93.6154,0.141965,0
93.6923,0.140956,0
93.7692,0.143847,0
93.8462,0.149681,0
93.9231,0.154196,0
94,0.158509,0
94.0769,0.163563,0
94.1538,0.16468,0
94.2308,0.178534,0
94.3077,0.182457,0
94.3846,0.195086,0
94.4615,0.206974,0
94.5385,0.211202,0
94.6154,0.212319,0
94.6923,0.215013,0
94.7692,0.21698,0
94.8462,0.219533,0
94.9231,0.22149,0
95,0.222719,0
95.0769,0.220772,0
95.1538,0.220124,0
95.2308,0.221016,0
95.3077,0.224014,0
95.3846,0.224287,0
95.4615,0.227966,0
95.5385,0.227605,0
95.6154,0.224573,0
95.6923,0.226037,0
95.7692,0.22233,0
95.8462,0.221982,0
95.9231,0.221818,0
96,0.219495,0
96.0769,0.215215,0
96.1538,0.205754,0
96.2308,0.205486,0
96.3077,0.21139,0
96.3846,0.219321,0
96.4615,0.224005,0
96.5385,0.228571,0
96.6154,0.230444,0
96.6923,0.228736,0
96.7692,0.223113,0
96.8462,0.220729,0
96.9231,0.214398,0
97,0.206002,0
97.0769,0.200793,0
97.1538,0.194683,0
97.2308,0.186329,0
97.3077,0.183706,0
97.3846,0.180655,0
97.4615,0.171457,0
97.5385,0.166937,0
97.6154,0.151192,0
97.6923,0.148273,0
97.7692,0.141135,0
97.8462,0.133903,0
97.9231,0.130369,0
98,0.122273,0
98.0769,0.113136,0
98.1538,0.110043,0
98.2308,0.107678,0
98.3077,0.0999953,0
98.3846,0.0963676,0
98.4615,0.0845973,0
98.5385,0.0729726,0
98.6154,0.0786934,0
98.6923,0.0710062,0
98.7692,0.0691337,0
98.8462,0.0628121,0
98.9231,0.0612352,0
99,0.0623569,0
99.0769,0.0625258,0
99.1538,0.0610569,0
99.2308,0.0601699,0
99.3077,0.0575934,0
99.3846,0.0598508,0
99.4615,0.0593768,0
99.5385,0.0626103,0
99.6154,0.062033,0
99.6923,0.0617655,0
99.7692,0.0626666,0
99.8462,0.0628402,0
99.9231,0.0627088,0
100,0.0628449,0
100.077,0.0637319,0
100.154,0.0651258,0
100.231,0.0654214,0
100.308,0.0653698,0
100.385,0.0735639,0
100.462,0.0733903,0
100.538,0.0740755,0
100.615,0.0735827,0
100.692,0.0741083,0
100.769,0.0745964,0
100.846,0.0734794,0
100.923,0.0741599,0
101,0.0740942,0
101.077,0.0747888,0
101.154,0.0754928,0
101.231,0.0767693,0
101.308,0.0768303,0
101.385,0.0776704,0
101.462,0.0768538,0
101.538,0.077431,0
101.615,0.0776234,0
101.692,0.0778346,0
101.769,0.0774732,0
101.846,0.0774357,0
101.923,0.0772245,0
102,0.0769335,0
102.077,0.0755069,0
102.154,0.0720105,0
102.231,0.0729397,0
102.308,0.0746527,0
102.385,0.0750329,0
102.462,0.0753097,0
102.538,0.0745682,0
102.615,0.0748029,0
102.692,0.0750235,0
102.769,0.0762108,0
102.846,0.07607,0
102.923,0.0751079,0
103,0.073822,0
103.077,0.0737986,0
103.154,0.0755585,0
103.231,0.0766426,0
103.308,0.0767928,0
103.385,0.0781256,0
103.462,0.0787967,0
103.538,0.0784635,0
103.615,0.0788436,0
103.692,0.0783462,0
103.769,0.0786653,0
103.846,0.078914,0
103.923,0.0734982,0
104,0.0721138,0
104.077,0.0724423,0
104.154,0.0742444,0
104.231,0.0767083,0
104.308,0.0817486,0
104.385,0.0889572,0
104.462,0.0994415,0
104.538,0.103966,0
104.615,0.115299,0
104.692,0.124188,0
104.769,0.129426,0
104.846,0.138718,0
104.923,0.142327,0
105,0.144612,0
105.077,0.147968,0
105.154,0.150821,0
105.231,0.150704,0
105.308,0.153956,0
105.385,0.154735,0
105.462,0.157852,0
105.538,0.159297,0
105.615,0.159959,0
105.692,0.155449,0
105.769,0.156171,0
105.846,0.159095,0
105.923,0.160456,0
106,0.162347,0
106.077,0.16537,0
106.154,0.161995,0
106.231,0.161315,0
106.308,0.15925,0
106.385,0.15596,0
106.462,0.155735,0
106.538,0.166731,0
106.615,0.169917,0
106.692,0.166463,0
106.769,0.161503,0
106.846,0.160076,0
106.923,0.154562,0
107,0.148555,0
107.077,0.143519,0
107.154,0.137399,0
107.231,0.129487,0
107.308,0.128468,0
107.385,0.125756,0
107.462,0.118608,0
107.538,0.116412,0
107.615,0.109039,0
107.692,0.108081,0
107.769,0.103351,0
107.846,0.10069,0
107.923,0.0989488,0
108,0.0969824,0
108.077,0.0970856,0
108.154,0.0961939,0
108.231,0.0954806,0
108.308,0.0938051,0
108.385,0.0940351,0
108.462,0.0901211,0
108.538,0.0916651,0
108.615,0.0935846,0
108.692,0.090642,0
108.769,0.090107,0
108.846,0.0897644,0
108.923,0.0900084,0
109,0.0905528,0
109.077,0.0887695,0
109.154,0.0858973,0
109.231,0.0896002,0
109.308,0.0856345,0
109.385,0.0853811,0
109.462,0.0823869,0
109.538,0.0776985,0
109.615,0.0769476,0
109.692,0.0752863,0
109.769,0.0717336,0
109.846,0.0708185,0
109.923,0.0680308,0
110,0.0663835,0
110.077,0.0663554,0
110.154,0.0725784,0
110.231,0.074282,0
110.308,0.0773794,0
110.385,0.0777408,0
110.462,0.0779707,0
110.538,0.0781725,0
110.615,0.0781115,0
110.692,0.0798245,0
110.769,0.0798292,0
110.846,0.0810071,0
110.923,0.0817862,0
111,0.080505,0
111.077,0.0808851,0
111.154,0.0808851,0
111.231,0.0816313,0
111.308,0.0813591,0
111.385,0.084602,0
111.462,0.0840482,0
111.538,0.0839685,0
111.615,0.0844002,0
111.692,0.0822273,0
111.769,0.0815234,0
111.846,0.0764877,0
111.923,0.0758072,0
112,0.0747372,0
112.077,0.0734841,0
112.154,0.072813,0
112.231,0.0721748,0
112.308,0.0695091,0
112.385,0.0670312,0
112.462,0.0647973,0
112.538,0.0749202,0
112.615,0.0851511,0
112.692,0.10444,0
112.769,0.137634,0
112.846,0.152661,0
112.923,0.157828,0
113,0.157467,0
113.077,0.157387,0
113.154,0.157664,0
113.231,0.156411,0
113.308,0.157335,0
113.385,0.153083,0
113.462,0.148869,0
113.538,0.136071,0
113.615,0.133372,0
113.692,0.13264,0
113.769,0.128895,0
113.846,0.127234,0
113.923,0.125507,0
114,0.118594,0
114.077,0.116327,0
114.154,0.113774,0
114.231,0.103478,0
114.308,0.0986578,0
114.385,0.0862868,0
114.462,0.0792191,0
114.538,0.0741693,0
114.615,0.0579266,0
114.692,0.0559602,0
114.769,0.0507931,0
114.846,0.0442651,0
114.923,0.0413319,0
115,0.0364699,0
115.077,0.0364089,0
115.154,0.0401586,0
115.231,0.04312,0
115.308,0.0478881,0
115.385,0.0499531,0
115.462,0.0511404,0
115.538,0.0526,0
115.615,0.0543223,0
115.692,0.0549934,0
115.769,0.0566078,0
115.846,0.0565093,0
115.923,0.056406,0
116,0.0598836,0
116.077,0.075291,0
116.154,0.0925662,0
116.231,0.100558,0
116.308,0.128252,0
116.385,0.12966,0
116.462,0.132546,0
116.538,0.134616,0
116.615,0.137211,0
116.692,0.138432,0
116.769,0.137075,0
116.846,0.136043,0
116.923,0.133739,0
117,0.135466,0
117.077,0.135757,0
117.154,0.133551,0
117.231,0.134245,0
117.308,0.133828,0
117.385,0.130599,0
117.462,0.129365,0
117.538,0.123278,0
117.615,0.121738,0
117.692,0.119124,0
117.769,0.109827,0
117.846,0.104106,0
117.923,0.101797,0
118,0.0947391,0
118.077,0.0802609,0
118.154,0.0765581,0
118.231,0.0720621,0
118.308,0.0698564,0
118.385,0.0669936,0
118.462,0.0625634,0
118.538,0.0607894,0
118.615,0.059297,0
118.692,0.0589919,0
118.769,0.0597944,0
118.846,0.064328,0
118.923,0.0644922,0
119,0.0655106,0
119.077,0.0723531,0
119.154,0.0768772,0
119.231,0.0815046,0
119.308,0.0829829,0
119.385,0.0832035,0
119.462,0.0841562,0
119.538,0.0851887,0
119.615,0.0859724,0
119.692,0.0872489,0
119.769,0.0886052,0
119.846,0.0928806,0
119.923,0.0921156,0
120,0.0940163,0
120.077,0.0932514,0
120.154,0.091055,0
120.231,0.0896612,0
120.308,0.0890839,0
120.385,0.0893937,0
120.462,0.0879763,0
120.538,0.0861085,0
120.615,0.0855359,0
120.692,0.0844143,0
120.769,0.0811995,0
120.846,0.0796837,0
120.923,0.0768631,0
121,0.0742069,0
121.077,0.0739112,0
121.154,0.071804,0
121.231,0.069786,0
121.308,0.0719589,0
121.385,0.0965271,0
121.462,0.104726,0
121.538,0.116904,0
121.615,0.131843,0
121.692,0.138605,0
121.769,0.15016,0
121.846,0.15199,0
121.923,0.153412,0
122,0.154726,0
122.077,0.15643,0
122.154,0.158025,0
122.231,0.158354,0
122.308,0.159457,0
122.385,0.15772,0
122.462,0.156965,0
122.538,0.155871,0
122.615,0.156411,0
122.692,0.157171,0
122.769,0.157227,0
122.846,0.157941,0
122.923,0.15611,0
123,0.155317,0
123.077,0.155848,0
123.154,0.157382,0
123.231,0.157819,0
123.308,0.143725,0
123.385,0.141604,0
123.462,0.139807,0
123.538,0.138023,0
123.615,0.136648,0
123.692,0.128895,0
123.769,0.123827,0
123.846,0.120133,0
123.923,0.113652,0
124,0.106176,0
124.077,0.102966,0
124.154,0.086437,0
124.231,0.0849869,0
124.308,0.0783462,0
124.385,0.0736202,0
124.462,0.0711047,0
124.538,0.0666886,0
124.615,0.0623287,0
124.692,0.0615825,0
124.769,0.0580815,0
124.846,0.0576122,0
124.923,0.057753,0
125,0.0578046,0
125.077,0.057523,0
125.154,0.0708748,0
125.231,0.0710578,0
125.308,0.0721513,0
125.385,0.0718744,0
125.462,0.071499,0
125.538,0.0709546,0
125.615,0.0721044,0
125.692,0.0724235,0
125.769,0.0739206,0
125.846,0.0749718,0
125.923,0.0753567,0
126,0.0749249,0
126.077,0.0743852,0
126.154,0.0752957,0
126.231,0.0752628,0
126.308,0.0753942,0
126.385,0.0761639,0
126.462,0.0755256,0
126.538,0.0755913,0
126.615,0.0755819,0
126.692,0.0761216,0
126.769,0.0756054,0
126.846,0.0718603,0
126.923,0.0720528,0
127,0.071865,0
127.077,0.0734278,0
127.154,0.0738314,0
127.231,0.0738643,0
127.308,0.0752628,0
127.385,0.0758072,0
127.462,0.0763375,0
127.538,0.0761873,0
127.615,0.0760278,0
127.692,0.0761733,0
127.769,0.0756476,0
127.846,0.0762953,0
127.923,0.0765769,0
128,0.0766754,0
128.077,0.0766567,0
128.154,0.0775953,0
128.231,0.0776375,0
128.308,0.0774639,0
128.385,0.0773935,0
128.462,0.0775906,0
128.538,0.0778252,0
128.615,0.0775155,0
128.692,0.0767834,0
128.769,0.0767411,0
128.846,0.0765393,0
128.923,0.076957,0
129,0.0774029,0
129.077,0.0780036,0
129.154,0.0785667,0
129.231,0.0782194,0
129.308,0.0782429,0
129.385,0.0779848,0
129.462,0.0782101,0
129.538,0.0806692,0
129.615,0.0898113,0
129.692,0.101666,0
129.769,0.108194,0
129.846,0.117782,0
129.923,0.128102,0
130,0.131087,0
130.077,0.134128,0
130.154,0.136831,0
130.231,0.137929,0
130.308,0.139478,0
130.385,0.132856,0
130.462,0.140928,0
130.538,0.155815,0
130.615,0.161165,0
130.692,0.172757,0
130.769,0.185672,0
130.846,0.194617,0
130.923,0.21308,0
131,0.228248,0
131.077,0.238741,0
131.154,0.263422,0
131.231,0.266046,0
131.308,0.272987,0
131.385,0.270875,0
131.462,0.268477,0
131.538,0.263305,0
131.615,0.263005,0
131.692,0.262,0
131.769,0.252459,0
131.846,0.249756,0
131.923,0.247588,0
132,0.24105,0
132.077,0.239347,0
132.154,0.216407,0
132.231,0.210588,0
132.308,0.209147,0
132.385,0.209752,0
132.462,0.206688,0
132.538,0.202811,0
132.615,0.200981,0
132.692,0.201863,0
132.769,0.202206,0
132.846,0.198273,0
132.923,0.188976,0
133,0.189427,0
133.077,0.181373,0
133.154,0.180308,0
133.231,0.175577,0
133.308,0.177398,0
133.385,0.175385,0
133.462,0.16415,0
133.538,0.157622,0
133.615,0.149587,0
133.692,0.142336,0
133.769,0.135062,0
133.846,0.134034,0
133.923,0.134302,0
134,0.130341,0
134.077,0.128637,0
134.154,0.120776,0
134.231,0.116243,0
134.308,0.11208,0
134.385,0.107209,0
134.462,0.105946,0
134.538,0.104285,0
134.615,0.0955134,0
134.692,0.0946968,0
134.769,0.0965365,0
134.846,0.0973109,0
134.923,0.0991552,0
135,0.0994603,0
135.077,0.0994415,0
135.154,0.0997747,0
135.231,0.0987141,0
135.308,0.0978271,0
135.385,0.0989441,0
135.462,0.0984654,0
135.538,0.0977332,0
135.615,0.0997513,0
135.692,0.0949127,0
135.769,0.0957809,0
135.846,0.0958326,0
135.923,0.0967852,0
136,0.0973531,0
136.077,0.0966445,0
136.154,0.0982823,0
136.231,0.0986202,0
136.308,0.101309,0
136.385,0.103219,0
136.462,0.105693,0
136.538,0.105655,0
136.615,0.104829,0
136.692,0.105289,0
136.769,0.106087,0
136.846,0.110132,0
136.923,0.117857,0
137,0.121827,0
137.077,0.132317,0
137.154,0.141318,0
137.231,0.144791,0
137.308,0.156336,0
137.385,0.16085,0
137.462,0.16927,0
137.538,0.172851,0
137.615,0.17447,0
137.692,0.176079,0
137.769,0.176816,0
137.846,0.178187,0
137.923,0.179407,0
138,0.177933,0
138.077,0.178923,0
138.154,0.175971,0
138.231,0.177727,0
138.308,0.183879,0
138.385,0.185095,0
138.462,0.182561,0
138.538,0.183236,0
138.615,0.181852,0
138.692,0.18265,0
138.769,0.180843,0
138.846,0.182255,0
138.923,0.183692,0
139,0.18464,0
139.077,0.183785,0
139.154,0.183724,0
139.231,0.184977,0
139.308,0.18616,0
139.385,0.187071,0
139.462,0.187127,0
139.538,0.186878,0
139.615,0.188436,0
139.692,0.188967,0
139.769,0.189417,0
139.846,0.19121,0
139.923,0.190745,0
140,0.191595,0
140.077,0.193969,0
140.154,0.19457,0
140.231,0.194631,0
140.308,0.194917,0
140.385,0.194425,0
140.462,0.193289,0
140.538,0.19389,0
140.615,0.193219,0
140.692,0.192519,0
140.769,0.191843,0
140.846,0.190956,0
140.923,0.189506,0
141,0.187193,0
141.077,0.185451,0
141.154,0.186751,0
141.231,0.186493,0
141.308,0.186371,0
141.385,0.184672,0
141.462,0.182213,0
141.538,0.183086,0
141.615,0.183992,0
141.692,0.184044,0
141.769,0.184278,0
141.846,0.18585,0
141.923,0.186451,0
142,0.18861,0
142.077,0.188244,0
142.154,0.188375,0
142.231,0.187535,0
142.308,0.18754,0
142.385,0.187277,0
142.462,0.187779,0
142.538,0.186817,0
142.615,0.185944,0
142.692,0.186611,0
142.769,0.179454,0
142.846,0.181401,0
142.923,0.18134,0
143,0.182528,0
143.077,0.18311,0
143.154,0.183926,0
143.231,0.183518,0
143.308,0.183541,0
143.385,0.18302,0
143.462,0.185146,0
143.538,0.186475,0
143.615,0.186606,0
143.692,0.186193,0
143.769,0.188056,0
143.846,0.188633,0
143.923,0.188788,0
144,0.18929,0
144.077,0.190379,0
144.154,0.190543,0
144.231,0.190323,0
144.308,0.190792,0
144.385,0.189854,0
144.462,0.19067,0
144.538,0.181284,0
144.615,0.182706,0
144.692,0.18226,0
144.769,0.183532,0
144.846,0.184034,0
144.923,0.185494,0
145,0.18456,0
145.077,0.186306,0
145.154,0.186766,0
145.231,0.188075,0
145.308,0.187737,0
145.385,0.189168,0
145.462,0.188624,0
145.538,0.189051,0
145.615,0.188704,0
145.692,0.188826,0
145.769,0.1896,0
145.846,0.189262,0
145.923,0.189572,0
146,0.191374,0
146.077,0.18945,0
146.154,0.189567,0
146.231,0.190004,0
146.308,0.181575,0
146.385,0.182485,0
146.462,0.182842,0
146.538,0.183368,0
146.615,0.1841,0
146.692,0.185639,0
146.769,0.185691,0
146.846,0.186029,0
146.923,0.186751,0
147,0.187465,0
147.077,0.189422,0
147.154,0.190008,0
147.231,0.189868,0
147.308,0.190736,0
147.385,0.189854,0
147.462,0.191909,0
147.538,0.195903,0
147.615,0.196377,0
147.692,0.199742,0
147.769,0.203065,0
147.846,0.203604,0
147.923,0.20382,0
148,0.204177,0
148.077,0.19565,0
148.154,0.198648,0
148.231,0.200385,0
148.308,0.200727,0
148.385,0.202253,0
148.462,0.204294,0
148.538,0.206744,0
148.615,0.205397,0
148.692,0.205693,0
148.769,0.201924,0
148.846,0.200136,0
148.923,0.198925,0
149,0.199789,0
149.077,0.199212,0
149.154,0.199258,0
149.231,0.198038,0
149.308,0.198198,0
149.385,0.199545,0
149.462,0.19855,0
149.538,0.199165,0
149.615,0.198348,0
149.692,0.197503,0
149.769,0.197485,0
149.846,0.193622,0
149.923,0.192942,0
150,0.193533,0
150.077,0.194265,0
150.154,0.196269,0
150.231,0.195274,0
150.308,0.194927,0
150.385,0.194702,0
150.462,0.194068,0
150.538,0.193472,0
150.615,0.194073,0
150.692,0.193951,0
150.769,0.195556,0
150.846,0.195725,0
150.923,0.195926,0
151,0.195992,0
151.077,0.197194,0
151.154,0.199418,0
151.231,0.200582,0
151.308,0.201624,0
151.385,0.202703,0
151.462,0.203224,0
151.538,0.204031,0
151.615,0.202699,0
151.692,0.196635,0
151.769,0.199291,0
151.846,0.198869,0
151.923,0.199578,0
152,0.200192,0
152.077,0.202117,0
152.154,0.203388,0
152.231,0.204623,0
152.308,0.20444,0
152.385,0.211733,0
152.462,0.214642,0
152.538,0.221185,0
152.615,0.224794,0
152.692,0.225835,0
152.769,0.228356,0
152.846,0.232481,0
152.923,0.231584,0
153,0.233903,0
153.077,0.238084,0
153.154,0.240412,0
153.231,0.245054,0
153.308,0.245833,0
153.385,0.224826,0
153.462,0.228604,0
153.538,0.231322,0
153.615,0.237465,0
153.692,0.238493,0
153.769,0.238605,0
153.846,0.244002,0
153.923,0.245696,0
154,0.247292,0
154.077,0.252745,0
154.154,0.25428,0
154.231,0.259236,0
154.308,0.261841,0
154.385,0.262948,0
154.462,0.267036,0
154.538,0.270556,0
154.615,0.270645,0
154.692,0.274972,0
154.769,0.277009,0
154.846,0.278623,0
154.923,0.288164,0
155,0.288591,0
155.077,0.290285,0
155.154,0.283673,0
155.231,0.287113,0
155.308,0.29625,0
155.385,0.306223,0
155.462,0.310564,0
155.538,0.320696,0
155.615,0.3299,0
155.692,0.33562,0
155.769,0.354388,0
155.846,0.357434,0
155.923,0.36659,0
156,0.375296,0
156.077,0.380284,0
156.154,0.386841,0
156.231,0.389563,0
156.308,0.389577,0
156.385,0.391599,0
156.462,0.393068,0
156.538,0.397194,0
156.615,0.403351,0
156.692,0.408438,0
156.769,0.411545,0
156.846,0.419622,0
156.923,0.417468,0
157,0.422982,0
157.077,0.432162,0
157.154,0.433241,0
157.231,0.445509,0
157.308,0.454327,0
157.385,0.458706,0
157.462,0.465741,0
157.538,0.471034,0
157.615,0.473132,0
157.692,0.475408,0
157.769,0.475502,0
157.846,0.475723,0
157.923,0.477389,0
158,0.477745,0
158.077,0.477591,0
158.154,0.47958,0
158.231,0.477102,0
158.308,0.476948,0
158.385,0.475577,0
158.462,0.473616,0
158.538,0.465905,0
158.615,0.464333,0
158.692,0.456655,0
158.769,0.45787,0
158.846,0.458687,0
158.923,0.458203,0
159,0.454515,0
159.077,0.455543,0
159.154,0.459719,0
159.231,0.457913,0
159.308,0.457725,0
159.385,0.453947,0
159.462,0.454684,0
159.538,0.454144,0
159.615,0.452567,0
159.692,0.453647,0
159.769,0.454407,0
159.846,0.453703,0
159.923,0.45458,0
160,0.454083,0
160.077,0.452196,0
160.154,0.459297,0
160.231,0.472034,0
160.308,0.474573,0
160.385,0.482011,0
160.462,0.483443,0
160.538,0.487634,0
160.615,0.495039,0
160.692,0.50268,0
160.769,0.506303,0
160.846,0.514614,0
160.923,0.519443,0
161,0.521358,0
161.077,0.530026,0
161.154,0.529158,0
161.231,0.531772,0
161.308,0.53478,0
161.385,0.534865,0
161.462,0.534367,0
161.538,0.53616,0
161.615,0.536385,0
161.692,0.537531,0
161.769,0.539882,0
161.846,0.544575,0
161.923,0.55244,0
162,0.558372,0
162.077,0.560156,0
162.154,0.566215,0
162.231,0.563938,0
162.308,0.569617,0
162.385,0.576952,0
162.462,0.580979,0
162.538,0.585498,0
162.615,0.590952,0
162.692,0.592425,0
162.769,0.594908,0
162.846,0.597672,0
162.923,0.596743,0
163,0.598639,0
163.077,0.59732,0
163.154,0.598404,0
163.231,0.59595,0
163.308,0.594636,0
163.385,0.593214,0
163.462,0.589455,0
163.538,0.587193,0
163.615,0.584809,0
163.692,0.58371,0
163.769,0.582668,0
163.846,0.576746,0
163.923,0.57791,0
164,0.568937,0
164.077,0.570917,0
164.154,0.571964,0
164.231,0.570706,0
164.308,0.569256,0
164.385,0.569476,0
164.462,0.570021,0
164.538,0.567224,0
164.615,0.566032,0
164.692,0.564581,0
164.769,0.563652,0
164.846,0.562455,0
164.923,0.562667,0
165,0.56322,0
165.077,0.565717,0
165.154,0.567571,0
165.231,0.567937,0
165.308,0.569091,0
165.385,0.570011,0
165.462,0.570964,0
165.538,0.574564,0
165.615,0.57485,0
165.692,0.577806,0
165.769,0.570673,0
165.846,0.5714,0
165.923,0.574061,0
166,0.576873,0
166.077,0.577403,0
166.154,0.578618,0
166.231,0.584461,0
166.308,0.583879,0
166.385,0.585644,0
166.462,0.58883,0
166.538,0.589661,0
166.615,0.593416,0
166.692,0.593172,0
166.769,0.598118,0
166.846,0.602647,0
166.923,0.604763,0
167,0.606899,0
167.077,0.609151,0
167.154,0.609663,0
167.231,0.611047,0
167.308,0.614131,0
167.385,0.615379,0
167.462,0.615942,0
167.538,0.618261,0
167.615,0.614445,0
167.692,0.616177,0
167.769,0.619786,0
167.846,0.619603,0
167.923,0.618552,0
168,0.620401,0
168.077,0.622015,0
168.154,0.622996,0
168.231,0.623925,0
168.308,0.626018,0
168.385,0.62791,0
168.462,0.627605,0
168.538,0.628557,0
168.615,0.628173,0
168.692,0.627914,0
168.769,0.629341,0
168.846,0.632096,0
168.923,0.634503,0
169,0.64098,0
169.077,0.643664,0
169.154,0.65068,0
169.231,0.652445,0
169.308,0.648639,0
169.385,0.654435,0
169.462,0.657143,0
169.538,0.660879,0
169.615,0.661606,0
169.692,0.666369,0
169.769,0.667271,0
169.846,0.669533,0
169.923,0.67026,0
170,0.674742,0
170.077,0.676427,0
170.154,0.678266,0
170.231,0.681106,0
170.308,0.682551,0
170.385,0.684053,0
170.462,0.68746,0
170.538,0.688863,0
170.615,0.692857,0
170.692,0.692604,0
170.769,0.695222,0
170.846,0.696217,0
170.923,0.696396,0
171,0.697944,0
171.077,0.686831,0
171.154,0.68891,0
171.231,0.687615,0
171.308,0.688662,0
171.385,0.68929,0
171.462,0.689103,0
171.538,0.690637,0
171.615,0.691022,0
171.692,0.694012,0
171.769,0.694575,0
171.846,0.696429,0
171.923,0.69854,0
172,0.69977,0
172.077,0.701567,0
172.154,0.703041,0
172.231,0.704116,0
172.308,0.704702,0
172.385,0.704848,0
172.462,0.705378,0
172.538,0.707368,0
172.615,0.707424,0
172.692,0.707434,0
172.769,0.707762,0
172.846,0.700563,0
172.923,0.702492,0
173,0.704646,0
173.077,0.704557,0
173.154,0.705608,0
173.231,0.705439,0
173.308,0.705702,0
173.385,0.704707,0
173.462,0.705552,0
173.538,0.705313,0
173.615,0.705181,0
173.692,0.705252,0
173.769,0.706861,0
173.846,0.706852,0
173.923,0.707861,0
174,0.708335,0
174.077,0.70925,0
174.154,0.710109,0
174.231,0.711573,0
174.308,0.711747,0
174.385,0.711334,0
174.462,0.711967,0
174.538,0.712404,0
174.615,0.709607,0
174.692,0.711066,0
174.769,0.711995,0
174.846,0.712882,0
174.923,0.713535,0
175,0.7133,0
175.077,0.714112,0
175.154,0.715412,0
175.231,0.716205,0
175.308,0.716468,0
175.385,0.71568,0
175.462,0.715712,0
175.538,0.715675,0
175.615,0.716064,0
175.692,0.716449,0
175.769,0.715966,0
175.846,0.715619,0
175.923,0.715567,0
176,0.715506,0
176.077,0.714821,0
176.154,0.714732,0
176.231,0.715107,0
176.308,0.715159,0
176.385,0.704224,0
176.462,0.704289,0
176.538,0.705833,0
176.615,0.705482,0
176.692,0.70504,0
176.769,0.704961,0
176.846,0.706627,0
176.923,0.705984,0
177,0.707016,0
177.077,0.70818,0
177.154,0.70802,0
177.231,0.707786,0
177.308,0.708297,0
177.385,0.708302,0
177.462,0.708396,0
177.538,0.708246,0
177.615,0.70849,0
177.692,0.708621,0
177.769,0.708621,0
177.846,0.708987,0
177.923,0.710114,0
178,0.710428,0
178.077,0.710297,0
178.154,0.701919,0
178.231,0.703797,0
178.308,0.704426,0
178.385,0.704294,0
178.462,0.705369,0
178.538,0.7052,0
178.615,0.705313,0
178.692,0.705599,0
178.769,0.70551,0
178.846,0.705988,0
178.923,0.706317,0
179,0.706772,0
179.077,0.706866,0
179.154,0.707359,0
179.231,0.707725,0
179.308,0.707471,0
179.385,0.707861,0
179.462,0.707551,0
179.538,0.708739,0
179.615,0.709011,0
179.692,0.708255,0
179.769,0.707443,0
179.846,0.707035,0
179.923,0.703299,0
180,0.703163,0
180.077,0.705435,0
180.154,0.707021,0
180.231,0.708537,0
180.308,0.70834,0
180.385,0.708987,0
180.462,0.710076,0
180.538,0.709668,0
180.615,0.708781,0
180.692,0.710911,0
180.769,0.712258,0
180.846,0.713432,0
180.923,0.714549,0
181,0.715661,0
181.077,0.717158,0
181.154,0.716881,0
181.231,0.720565,0
181.308,0.721846,0
181.385,0.722391,0
181.462,0.72354,0
181.538,0.722653,0
181.615,0.7221,0
181.692,0.716721,0
181.769,0.71728,0
181.846,0.719077,0
181.923,0.719589,0
182,0.718904,0
182.077,0.718434,0
182.154,0.718819,0
182.231,0.719289,0
182.308,0.715966,0
182.385,0.714896,0
182.462,0.712193,0
182.538,0.713103,0
182.615,0.71238,0
182.692,0.711414,0
182.769,0.711526,0
182.846,0.711263,0
182.923,0.710527,0
183,0.710733,0
183.077,0.710067,0
183.154,0.709757,0
183.231,0.709672,0
183.308,0.708997,0
183.385,0.708968,0
183.462,0.70221,0
183.538,0.702079,0
183.615,0.703853,0
183.692,0.704322,0
183.769,0.705374,0
183.846,0.70512,0
183.923,0.705106,0
184,0.704881,0
184.077,0.704961,0
184.154,0.70513,0
184.231,0.705979,0
184.308,0.706509,0
184.385,0.70573,0
184.462,0.70665,0
184.538,0.708236,0
184.615,0.708189,0
184.692,0.710635,0
184.769,0.711324,0
184.846,0.714225,0
184.923,0.714572,0
185,0.715468,0
185.077,0.716107,0
185.154,0.716332,0
185.231,0.713948,0
185.308,0.713769,0
185.385,0.713741,0
185.462,0.714755,0
185.538,0.714591,0
185.615,0.714459,0
185.692,0.714211,0
185.769,0.71361,0
185.846,0.713122,0
185.923,0.714211,0
186,0.714797,0
186.077,0.714647,0
186.154,0.714431,0
186.231,0.714544,0
186.308,0.713873,0
186.385,0.714412,0
186.462,0.714628,0
186.538,0.714539,0
186.615,0.714398,0
186.692,0.714544,0
186.769,0.715328,0
186.846,0.71567,0
186.923,0.716205,0
187,0.724822,0
187.077,0.724714,0
187.154,0.724845,0
187.231,0.724836,0
187.308,0.725235,0
187.385,0.72553,0
187.462,0.72576,0
187.538,0.725634,0
187.615,0.725826,0
187.692,0.725793,0
187.769,0.726441,0
187.846,0.726647,0
187.923,0.726891,0
188,0.72722,0
188.077,0.72753,0
188.154,0.727905,0
188.231,0.72829,0
188.308,0.728046,0
188.385,0.727919,0
188.462,0.72851,0
188.538,0.729289,0
188.615,0.729346,0
188.692,0.729243,0
188.769,0.725422,0
188.846,0.725507,0
188.923,0.7253,0
189,0.72607,0
189.077,0.725573,0
189.154,0.725976,0
189.231,0.725347,0
189.308,0.725619,0
189.385,0.725089,0
189.462,0.723273,0
189.538,0.722583,0
189.615,0.721776,0
189.692,0.720607,0
189.769,0.719805,0
189.846,0.719171,0
189.923,0.719059,0
190,0.719885,0
190.077,0.719331,0
190.154,0.720086,0
190.231,0.720542,0
190.308,0.720335,0
190.385,0.720377,0
190.462,0.720438,0
190.538,0.713417,0
190.615,0.71475,0
190.692,0.716097,0
190.769,0.715891,0
190.846,0.716496,0
190.923,0.716229,0
191,0.717031,0
191.077,0.718242,0
191.154,0.718233,0
191.231,0.719228,0
191.308,0.720556,0
191.385,0.720434,0
191.462,0.720748,0
191.538,0.720603,0
191.615,0.721504,0
191.692,0.721762,0
191.769,0.721405,0
191.846,0.72195,0
191.923,0.722184,0
192,0.722072,0
192.077,0.721912,0
192.154,0.721574,0
192.231,0.721194,0
192.308,0.714243,0
192.385,0.714811,0
192.462,0.715191,0
192.538,0.715473,0
192.615,0.715548,0
192.692,0.716144,0
192.769,0.716097,0
192.846,0.715914,0
192.923,0.715797,0
193,0.716351,0
193.077,0.716125,0
193.154,0.716003,0
193.231,0.716318,0
193.308,0.716717,0
193.385,0.716721,0
193.462,0.717322,0
193.538,0.717716,0
193.615,0.717895,0
193.692,0.718289,0
193.769,0.717571,0
193.846,0.717289,0
193.923,0.717791,0
194,0.718528,0
194.077,0.710663,0
194.154,0.711038,0
194.231,0.711981,0
194.308,0.712826,0
194.385,0.712718,0
194.462,0.712657,0
194.538,0.712915,0
194.615,0.714436,0
194.692,0.714788,0
194.769,0.717374,0
194.846,0.720068,0
194.923,0.720673,0
195,0.722231,0
195.077,0.723273,0
195.154,0.724718,0
195.231,0.72461,0
195.308,0.725155,0
195.385,0.724836,0
195.462,0.726422,0
195.538,0.7263,0
195.615,0.72683,0
195.692,0.727023,0
195.769,0.727309,0
195.846,0.7208,0
195.923,0.721335,0
196,0.722259,0
196.077,0.722729,0
196.154,0.723958,0
196.231,0.72416,0
196.308,0.724357,0
196.385,0.724456,0
196.462,0.717519,0
196.538,0.717965,0
196.615,0.719307,0
196.692,0.720861,0
196.769,0.721818,0
196.846,0.723479,0
196.923,0.724742,0
197,0.725455,0
197.077,0.727745,0
197.154,0.728257,0
197.231,0.72874,0
197.308,0.728736,0
197.385,0.728952,0
197.462,0.72943,0
197.538,0.72898,0
197.615,0.729308,0
197.692,0.730397,0
197.769,0.730345,0
197.846,0.730838,0
197.923,0.729796,0
198,0.72989,0
198.077,0.730406,0
198.154,0.731124,0
198.231,0.721414,0
198.308,0.721424,0
198.385,0.722053,0
198.462,0.719669,0
198.538,0.717458,0
198.615,0.717266,0
198.692,0.716266,0
198.769,0.715947,0
198.846,0.716182,0
198.923,0.716055,0
199,0.716613,0
199.077,0.717388,0
199.154,0.718181,0
199.231,0.718411,0
199.308,0.71903,0
199.385,0.719167,0
199.462,0.719589,0
199.538,0.719917,0
199.615,0.720086,0
199.692,0.720279,0
199.769,0.722438,0
199.846,0.724357,0
199.923,0.722822,0
200,0.726704,0
200.077,0.727957,0
200.154,0.729524,0
200.231,0.729717,0
200.308,0.727961,0
200.385,0.723897,0
200.462,0.721602,0
200.538,0.721476,0
200.615,0.721485,0
200.692,0.72156,0
200.769,0.721255,0
200.846,0.721368,0
200.923,0.721992,0
201,0.721593,0
201.077,0.721461,0
201.154,0.720959,0
201.231,0.720997,0
201.308,0.720391,0
201.385,0.72056,0
201.462,0.720607,0
201.538,0.71957,0
201.615,0.719481,0
201.692,0.719335,0
201.769,0.713713,0
201.846,0.714351,0
201.923,0.715961,0
202,0.716407,0
202.077,0.717651,0
202.154,0.718453,0
202.231,0.718955,0
202.308,0.718843,0
202.385,0.718416,0
202.462,0.719425,0
202.538,0.719514,0
202.615,0.71958,0
202.692,0.719645,0
202.769,0.719467,0
202.846,0.719495,0
202.923,0.720269,0
203,0.720194,0
203.077,0.720147,0
203.154,0.720279,0
203.231,0.720466,0
203.308,0.719997,0
203.385,0.719828,0
203.462,0.717346,0
203.538,0.718261,0
203.615,0.719622,0
203.692,0.720476,0
203.769,0.720335,0
203.846,0.720312,0
203.923,0.720166,0
204,0.720542,0
204.077,0.720678,0
204.154,0.721832,0
204.231,0.724498,0
204.308,0.72447,0
204.385,0.725324,0
204.462,0.726352,0
204.538,0.726535,0
204.615,0.727375,0
204.692,0.728116,0
204.769,0.728093,0
204.846,0.728163,0
204.923,0.728553,0
205,0.728304,0
205.077,0.728966,0
205.154,0.728726,0
205.231,0.722672,0
205.308,0.72271,0
205.385,0.723109,0
205.462,0.722804,0
205.538,0.723794,0
205.615,0.724362,0
205.692,0.724836,0
205.769,0.724437,0
205.846,0.724934,0
205.923,0.72576,0
206,0.726657,0
206.077,0.72707,0
206.154,0.726643,0
206.231,0.727928,0
206.308,0.729853,0
206.385,0.729078,0
206.462,0.729238,0
206.538,0.729543,0
206.615,0.730097,0
206.692,0.72944,0
206.769,0.728543,0
206.846,0.727647,0
206.923,0.726633,0
207,0.721879,0
207.077,0.721879,0
207.154,0.721621,0
207.231,0.721799,0
207.308,0.722367,0
207.385,0.721907,0
207.462,0.722062,0
207.538,0.722259,0
207.615,0.722883,0
207.692,0.723723,0
207.769,0.723503,0
207.846,0.721898,0
207.923,0.722508,0
208,0.723536,0
208.077,0.722442,0
208.154,0.723925,0
208.231,0.722926,0
208.308,0.722813,0
208.385,0.723052,0
208.462,0.722611,0
208.538,0.722743,0
208.615,0.722095,0
208.692,0.721677,0
208.769,0.714563,0
208.846,0.715074,0
208.923,0.714436,0
209,0.71568,0
209.077,0.714018,0
209.154,0.715032,0
209.231,0.714534,0
209.308,0.714595,0
209.385,0.7159,0
209.462,0.715023,0
209.538,0.715285,0
209.615,0.714976,0
209.692,0.715271,0
209.769,0.71506,0
209.846,0.714891,0
209.923,0.715501,0
210,0.71682,0
210.077,0.716388,0
210.154,0.716919,0
210.231,0.71674,0
210.308,0.716698,0
210.385,0.717505,0
210.462,0.717923,0
210.538,0.712929,0
210.615,0.71445,0
210.692,0.716003,0
210.769,0.715637,0
210.846,0.715942,0
210.923,0.716642,0
211,0.717322,0
211.077,0.719124,0
211.154,0.719162,0
211.231,0.721888,0
211.308,0.723897,0
211.385,0.725751,0
211.462,0.727966,0
211.538,0.728426,0
211.615,0.729815,0
211.692,0.73028,0
211.769,0.730665,0
211.846,0.733363,0
211.923,0.735109,0
212,0.736456,0
212.077,0.739793,0
212.154,0.741435,0
212.231,0.742017,0
212.308,0.732307,0
212.385,0.732739,0
212.462,0.736104,0
212.538,0.73746,0
212.615,0.737718,0
212.692,0.739671,0
212.769,0.739863,0
212.846,0.74052,0
212.923,0.742177,0
213,0.742045,0
213.077,0.741942,0
213.154,0.747677,0
213.231,0.748066,0
213.308,0.749995,0
213.385,0.751286,0
213.462,0.752426,0
213.538,0.753656,0
213.615,0.756838,0
213.692,0.757279,0
213.769,0.759001,0
213.846,0.760986,0
213.923,0.762362,0
214,0.764497,0
214.077,0.765393,0
214.154,0.775329,0
214.231,0.777534,0
214.308,0.777994,0
214.385,0.779121,0
214.462,0.779374,0
214.538,0.781495,0
214.615,0.781453,0
214.692,0.781974,0
214.769,0.781702,0
214.846,0.783616,0
214.923,0.783743,0
215,0.783598,0
215.077,0.784255,0
215.154,0.784208,0
215.231,0.78494,0
215.308,0.785531,0
215.385,0.785696,0
215.462,0.784954,0
215.538,0.786353,0
215.615,0.786831,0
215.692,0.787512,0
215.769,0.787286,0
215.846,0.78142,0
215.923,0.781312,0
216,0.781237,0
216.077,0.782823,0
216.154,0.782903,0
216.231,0.783283,0
216.308,0.783729,0
216.385,0.784011,0
216.462,0.783884,0
216.538,0.785986,0
216.615,0.786817,0
216.692,0.786273,0
216.769,0.785977,0
216.846,0.786001,0
216.923,0.786653,0
217,0.78617,0
217.077,0.786282,0
217.154,0.785625,0
217.231,0.785142,0
217.308,0.786052,0
217.385,0.785625,0
217.462,0.785832,0
217.538,0.78517,0
217.615,0.777497,0
217.692,0.778168,0
217.769,0.778623,0
217.846,0.779031,0
217.923,0.779468,0
218,0.77859,0
218.077,0.778055,0
218.154,0.777741,0
218.231,0.779496,0
218.308,0.780862,0
218.385,0.780608,0
218.462,0.780359,0
218.538,0.780289,0
218.615,0.781092,0
218.692,0.781627,0
218.769,0.781317,0
218.846,0.78065,0
218.923,0.780266,0
219,0.781026,0
219.077,0.78097,0
219.154,0.781068,0
219.231,0.780894,0
219.308,0.779965,0
219.385,0.780721,0
219.462,0.780303,0
219.538,0.781941,0
219.615,0.781974,0
219.692,0.782917,0
219.769,0.782068,0
219.846,0.784349,0
219.923,0.786428,0
220,0.788755,0
220.077,0.788924,0
220.154,0.78823,0
220.231,0.787746,0
220.308,0.78639,0
220.385,0.787347,0
220.462,0.786789,0
220.538,0.786184,0
220.615,0.786282,0
220.692,0.786676,0
220.769,0.785935,0
220.846,0.785864,0
220.923,0.785123,0
221,0.783992,0
221.077,0.784058,0
221.154,0.777525,0
221.231,0.776338,0
221.308,0.777839,0
221.385,0.778219,0
221.462,0.778731,0
221.538,0.779257,0
221.615,0.77898,0
221.692,0.777741,0
221.769,0.778079,0
221.846,0.779501,0
221.923,0.778952,0
222,0.778266,0
222.077,0.778736,0
222.154,0.779989,0
222.231,0.780172,0
222.308,0.780176,0
222.385,0.78005,0
222.462,0.781561,0
222.538,0.783246,0
222.615,0.78264,0
222.692,0.784644,0
222.769,0.784809,0
222.846,0.785437,0
222.923,0.779435,0
223,0.780205,0
223.077,0.779834,0
223.154,0.780092,0
223.231,0.779524,0
223.308,0.779144,0
223.385,0.778121,0
223.462,0.779205,0
223.538,0.779186,0
223.615,0.780266,0
223.692,0.779895,0
223.769,0.779975,0
223.846,0.779829,0
223.923,0.780392,0
224,0.779702,0
224.077,0.78051,0
224.154,0.780604,0
224.231,0.780449,0
224.308,0.781242,0
224.385,0.782124,0
224.462,0.781857,0
224.538,0.782387,0
224.615,0.782082,0
224.692,0.780406,0
224.769,0.780162,0
224.846,0.782974,0
224.923,0.783363,0
225,0.782941,0
225.077,0.783307,0
225.154,0.783293,0
225.231,0.783363,0
225.308,0.78065,0
225.385,0.779787,0
225.462,0.78073,0
225.538,0.780636,0
225.615,0.78088,0
225.692,0.781622,0
225.769,0.782241,0
225.846,0.782016,0
225.923,0.783269,0
226,0.782537,0
226.077,0.782293,0
226.154,0.782805,0
226.231,0.783114,0
226.308,0.783105,0
226.385,0.783429,0
226.462,0.775155,0
226.538,0.775488,0
226.615,0.775662,0
226.692,0.776277,0
226.769,0.776549,0
226.846,0.777375,0
226.923,0.77837,0
227,0.778792,0
227.077,0.778384,0
227.154,0.779008,0
227.231,0.77928,0
227.308,0.779702,0
227.385,0.780083,0
227.462,0.780355,0
227.538,0.780012,0
227.615,0.780153,0
227.692,0.782049,0
227.769,0.781843,0
227.846,0.782223,0
227.923,0.781697,0
228,0.782072,0
228.077,0.782758,0
228.154,0.783297,0
228.231,0.77844,0
228.308,0.778581,0
228.385,0.77935,0
228.462,0.779688,0
228.538,0.780308,0
228.615,0.7812,0
228.692,0.781401,0
228.769,0.781575,0
228.846,0.782274,0
228.923,0.78127,0
229,0.781636,0
229.077,0.782791,0
229.154,0.782448,0
229.231,0.782335,0
229.308,0.783584,0
229.385,0.783255,0
229.462,0.784166,0
229.538,0.783452,0
229.615,0.783518,0
229.692,0.781448,0
229.769,0.781401,0
229.846,0.782176,0
229.923,0.780585,0
230,0.774953,0
230.077,0.775258,0
230.154,0.775826,0
230.231,0.776516,0
230.308,0.777863,0
230.385,0.777788,0
230.462,0.778046,0
230.538,0.778492,0
230.615,0.77844,0
230.692,0.778665,0
230.769,0.779125,0
230.846,0.778905,0
230.923,0.778811,0
231,0.778661,0
231.077,0.7789,0
231.154,0.77906,0
231.231,0.779355,0
231.308,0.778135,0
231.385,0.778862,0
231.462,0.778304,0
231.538,0.777924,0
231.615,0.778074,0
231.692,0.778496,0
231.769,0.776281,0
231.846,0.776497,0
231.923,0.77668,0
232,0.776,0
232.077,0.776591,0
232.154,0.777774,0
232.231,0.778027,0
232.308,0.779261,0
232.385,0.780932,0
232.462,0.781185,0
232.538,0.781139,0
232.615,0.781706,0
232.692,0.782889,0
232.769,0.782837,0
232.846,0.782753,0
232.923,0.783443,0
233,0.78349,0
233.077,0.783344,0
233.154,0.783274,0
233.231,0.783157,0
233.308,0.782927,0
233.385,0.783203,0
233.462,0.78333,0
233.538,0.776934,0
233.615,0.777473,0
233.692,0.777722,0
233.769,0.778243,0
233.846,0.778726,0
233.923,0.779698,0
234,0.779393,0
234.077,0.78012,0
234.154,0.780167,0
234.231,0.7802,0
234.308,0.779946,0
234.385,0.779477,0
234.462,0.779792,0
234.538,0.77966,0
234.615,0.779074,0
234.692,0.781462,0
234.769,0.781176,0
234.846,0.7812,0
234.923,0.781359,0
235,0.780627,0
235.077,0.782748,0
235.154,0.781983,0
235.231,0.77897,0
235.308,0.779397,0
235.385,0.780406,0
235.462,0.781204,0
235.538,0.781336,0
235.615,0.781336,0
235.692,0.781092,0
235.769,0.780298,0
235.846,0.780815,0
235.923,0.782368,0
236,0.782457,0
236.077,0.782631,0
236.154,0.783471,0
236.231,0.783771,0
236.308,0.783659,0
236.385,0.783922,0
236.462,0.783804,0
236.538,0.784715,0
236.615,0.785114,0
236.692,0.785081,0
236.769,0.787446,0
236.846,0.789783,0
236.923,0.791933,0
237,0.785653,0
237.077,0.786348,0
237.154,0.786888,0
237.231,0.790633,0
237.308,0.791595,0
237.385,0.792519,0
237.462,0.792134,0
237.538,0.793524,0
237.615,0.793711,0
237.692,0.794331,0
237.769,0.793768,0
237.846,0.794683,0
237.923,0.795316,0
238,0.796255,0
238.077,0.796776,0
238.154,0.795772,0
238.231,0.796222,0
238.308,0.796644,0
238.385,0.796659,0
238.462,0.796499,0
238.538,0.798611,0
238.615,0.798916,0
238.692,0.799995,0
238.769,0.80007,0
238.846,0.800427,0
238.923,0.79847,0
239,0.798071,0
239.077,0.796616,0
239.154,0.796321,0
239.231,0.79886,0
239.308,0.796973,0
239.385,0.795434,0
239.462,0.796522,0
239.538,0.794439,0
239.615,0.796307,0
239.692,0.793941,0
239.769,0.793932,0
239.846,0.792585,0
239.923,0.791726,0
240,0.789957,0
240.077,0.791374,0
240.154,0.789671,0
240.231,0.787653,0
240.308,0.787765,0
240.385,0.788906,0
240.462,0.787967,0
240.538,0.776661,0
240.615,0.776826,0
240.692,0.77791,0
240.769,0.776422,0
240.846,0.77699,0
240.923,0.779867,0
241,0.781364,0
241.077,0.785292,0
241.154,0.784663,0
241.231,0.780899,0
241.308,0.782171,0
241.385,0.78157,0
241.462,0.780195,0
241.538,0.779956,0
241.615,0.781439,0
241.692,0.778759,0
241.769,0.777093,0
241.846,0.776708,0
241.923,0.772818,0
242,0.771067,0
242.077,0.764563,0
242.154,0.765834,0
242.231,0.758828,0
242.308,0.743561,0
242.385,0.74182,0
242.462,0.734109,0
242.538,0.72744,0
242.615,0.724723,0
242.692,0.720626,0
242.769,0.713272,0
242.846,0.710053,0
242.923,0.695682,0
243,0.695889,0
243.077,0.691552,0
243.154,0.683926,0
243.231,0.681458,0
243.308,0.679998,0
243.385,0.672818,0
243.462,0.669608,0
243.538,0.665262,0
243.615,0.657556,0
243.692,0.654688,0
243.769,0.633053,0
243.846,0.624535,0
243.923,0.619983,0
244,0.601431,0
244.077,0.589206,0
244.154,0.569387,0
244.231,0.564422,0
244.308,0.565313,0
244.385,0.554496,0
244.462,0.557744,0
244.538,0.558879,0
244.615,0.554613,0
244.692,0.550479,0
244.769,0.550394,0
244.846,0.539506,0
244.923,0.545701,0
245,0.541365,0
245.077,0.543613,0
245.154,0.541304,0
245.231,0.526849,0
245.308,0.52195,0
245.385,0.517355,0
245.462,0.514764,0
245.538,0.510799,0
245.615,0.50909,0
245.692,0.491318,0
245.769,0.488554,0
245.846,0.482326,0
245.923,0.482363,0
246,0.487634,0
246.077,0.485222,0
246.154,0.488084,0
246.231,0.489178,0
246.308,0.490389,0
246.385,0.493979,0
246.462,0.497236,0
246.538,0.502431,0
246.615,0.502051,0
246.692,0.503135,0
246.769,0.509762,0
246.846,0.510217,0
246.923,0.511733,0
247,0.512756,0
247.077,0.513699,0
247.154,0.51383,0
247.231,0.516398,0
247.308,0.520523,0
247.385,0.522996,0
247.462,0.528168,0
247.538,0.526234,0
247.615,0.522255,0
247.692,0.528144,0
247.769,0.534222,0
247.846,0.538901,0
247.923,0.54205,0
248,0.548986,0
248.077,0.550643,0
248.154,0.556275,0
248.231,0.565365,0
248.308,0.571954,0
248.385,0.570786,0
248.462,0.562305,0
248.538,0.561015,0
248.615,0.566909,0
248.692,0.567791,0
248.769,0.562211,0
248.846,0.565262,0
248.923,0.570077,0
249,0.573714,0
249.077,0.57622,0
249.154,0.575925,0
249.231,0.578379,0
249.308,0.564201,0
249.385,0.561883,0
249.462,0.548625,0
249.538,0.559916,0
249.615,0.556336,0
249.692,0.55023,0
249.769,0.547395,0
249.846,0.547306,0
249.923,0.541046,0
250,0.53188,0
250.077,0.52798,0
250.154,0.519941,0
250.231,0.515966,0
250.308,0.513244,0
250.385,0.505397,0
250.462,0.501535,0
250.538,0.486681,0
250.615,0.482011,0
250.692,0.477318,0
250.769,0.470528,0
250.846,0.471382,0
250.923,0.468646,0
251,0.469401,0
251.077,0.470096,0
251.154,0.445129,0
251.231,0.451624,0
251.308,0.453515,0
251.385,0.456997,0
251.462,0.457551,0
251.538,0.457152,0
251.615,0.453158,0
251.692,0.448555,0
251.769,0.447536,0
251.846,0.44579,0
251.923,0.438253,0
252,0.432955,0
252.077,0.422752,0
252.154,0.419448,0
252.231,0.41513,0
252.308,0.412418,0
252.385,0.410545,0
252.462,0.407729,0
252.538,0.404571,0
252.615,0.404064,0
